<?xml version="1.0" encoding="UTF-8" standalone="yes"?>
<addon id="plugin.jw.tv" name="JW Media" version="0.1.25" provider-name="JWTools">
    <requires>
        <import addon="script.module.six" />
        <import addon="script.module.routing" version="0.2.1"/>
        <import addon="script.module.urllib3" version="1.25.2"/>
        <import addon="script.module.beautifulsoup4" version="4.5.3"/>
        <import addon="script.common.plugin.cache" version="2.5.10"/>
        <import addon="script.module.pyxbmct" version="1.3.0"/>
        <import addon="script.module.certifi" version="2019.3.9"/>
    </requires>
    <extension point="xbmc.python.pluginsource" library="main.py">
        <provides>audio video</provides>
    </extension>
    <extension point="xbmc.addon.metadata">
        <summary lang="en_GB">Provides content from JW Media (Broadcasting and others)</summary>
        <description lang="en_GB"></description>
        <language></language>
        <platform>all</platform>
        <license>Apache-2.0</license>
        <forum></forum>
        <website>https://www.jw.org</website>
        <email>jwtools@tutanota.com</email>
        <source></source>
        <disclaimer></disclaimer>
        <assets>
            <icon>resources/images/JW.png</icon>
            <fanart>resources/images/fanart1.png</fanart>
            <fanart>resources/images/fanart2.png</fanart>
            <fanart>resources/images/fanart3.png</fanart>
        </assets>
        <news>
            v0.1.25 (2020-07-11)
            -Fixing study bible
        </news>
    </extension>
</addon>
